{"input_shapes": [[1, 4, 16], [1, 4, 16], [1, 4, 16], [1, 4, 16], [1, 4, 16]], "input_data": [[-0.8201345205307007, 0.39563116431236267, 0.8989084959030151, -1.3884038925170898, -0.16699601709842682, 0.2851499617099762, -0.641091525554657, -0.8936554193496704, 0.9265429973602295, -0.5355122089385986, -1.1597203016281128, -0.4601571559906006, 0.7085390686988831, 1.0127553939819336, 0.23039686679840088, 1.090165138244629, -1.5826646089553833, -0.32456663250923157, 1.9263681173324585, -0.3300117254257202, 0.19844505190849304, 0.7820726633071899, 1.0391076803207397, -0.7245107293128967, -0.2093404233455658, -0.21534152328968048, -1.8157286643981934, -0.3452419638633728, -2.0614778995513916, 0.6741006970405579, -1.3233457803726196, -1.3597689867019653, -0.08352822810411453, -0.023477932438254356, 0.17437535524368286, 2.298342704772949, 0.9571021795272827, -0.6618675589561462, -0.8284520506858826, -0.6056802868843079, -1.4012508392333984, 1.2973358631134033, 1.6409332752227783, -1.056684136390686, -0.2615867257118225, -0.25013262033462524, 0.501121461391449, 0.2600362002849579, -0.1781926155090332, -0.25949886441230774, -0.014487940818071365, -0.3838909864425659, -2.966169834136963, -1.0605549812316895, -0.3089962899684906, 0.9342882037162781, 1.6243164539337158, 0.0015672707231715322, -0.4375407099723816, -2.1085333824157715, 1.1450074911117554, -0.38218432664871216, -0.3552660346031189, 0.7541925311088562], [0.13323980569839478, 0.18254540860652924, -0.5146323442459106, 0.800518810749054, -1.2431896924972534, -1.7177518606185913, -0.5823886394500732, -0.6153447031974792, -0.8857972025871277, 1.1970183849334717, 0.46746206283569336, -0.14393995702266693, -0.812004566192627, -0.3865777850151062, -1.0369857549667358, 0.5920297503471375, -2.257782220840454, 0.40429842472076416, 0.5721989870071411, 0.30781328678131104, -0.12589670717716217, -0.9577822685241699, 1.7518253326416016, 0.9795657396316528, -0.3984588384628296, -0.1731676161289215, 0.7568809390068054, 0.9862262606620789, -0.825334370136261, 0.16328637301921844, 0.5012707114219666, 1.4205509424209595, -0.5368224382400513, 0.82888263463974, 1.0570697784423828, -1.1046937704086304, 0.12744353711605072, -0.018942944705486298, -0.4072708189487457, 0.5316964983940125, 0.3836374580860138, 1.9125689268112183, -1.2145036458969116, 1.7711379528045654, 0.5070764422416687, -0.15758639574050903, 0.46031656861305237, -1.1532081365585327, -1.1247001886367798, -0.3144397735595703, 0.62596195936203, 0.09080637246370316, -0.5859566330909729, -0.48958680033683777, 0.6397976279258728, 0.6094125509262085, -0.8159710764884949, 1.1564526557922363, -1.210672378540039, 0.5071460008621216, -0.43106362223625183, 0.613256573677063, 0.2830258905887604, 1.1854521036148071], [0.5688964128494263, 0.13330543041229248, 0.5600089430809021, -0.7351417541503906, -0.22398898005485535, -0.7954691052436829, -2.133930206298828, -0.7492699027061462, 1.4535353183746338, -1.5414217710494995, -0.33145949244499207, 0.5504633188247681, 0.12676024436950684, -1.5152316093444824, -0.9126952290534973, 1.2716057300567627, 0.26148343086242676, -0.1494215428829193, 1.152346134185791, -1.1308740377426147, 2.087472915649414, -0.530706524848938, 0.804315447807312, 0.07389526814222336, 0.0676383227109909, -0.5489089488983154, -0.41200098395347595, 0.05394589528441429, 0.7234945297241211, -1.083647608757019, -0.5302316546440125, 0.13258060812950134, 0.6821439266204834, -1.0268363952636719, -0.07904590666294098, 0.14382262527942657, 1.4025386571884155, -0.4166966676712036, 0.16545379161834717, -0.7156926989555359, -0.6734569668769836, -0.7124642729759216, -0.6910300254821777, 0.23114675283432007, -0.7555767893791199, -0.11978520452976227, 0.954474151134491, 0.14919094741344452, -0.47027888894081116, -0.8482168316841125, 0.8185011744499207, 0.20608045160770416, 0.7011038064956665, -0.6909563541412354, 0.2921866774559021, 1.461269497871399, 0.30727946758270264, 0.759323000907898, 1.5333271026611328, -0.775453507900238, -2.1510300636291504, -1.2796475887298584, -0.989145815372467, -0.0043832482770085335], [-0.35755011439323425, 0.18637984991073608, -1.1653892993927002, 0.884888231754303, 1.284333348274231, -0.8368077874183655, -1.426963448524475, -0.2682090997695923, -2.6343274116516113, -0.023109428584575653, 0.7387539744377136, 0.6625412702560425, 0.752641499042511, 0.5757877826690674, 0.06786254048347473, -0.09802015125751495, 0.6102767586708069, -0.9058299660682678, -0.8807306289672852, -0.8606747388839722, -0.6743757724761963, -3.0205957889556885, 0.4014255106449127, -1.0603159666061401, -1.1322522163391113, -1.834221363067627, -0.526472270488739, 1.1478374004364014, -0.28118059039115906, -0.6900880336761475, 1.4809904098510742, -0.047698747366666794, 0.47121113538742065, 0.6478909850120544, 1.3316079378128052, -0.2950877547264099, -0.014342919923365116, -0.575336217880249, 0.39918649196624756, -0.4997425377368927, -1.2872462272644043, -0.19015620648860931, -0.08166445791721344, -0.8520326614379883, -0.41870373487472534, 0.3415621817111969, -0.24173402786254883, 1.2895739078521729, -0.7167931199073792, 0.8620660305023193, -0.4359731376171112, -0.4837985634803772, -0.6278595328330994, 2.008397102355957, 0.7544147372245789, 0.06383617222309113, 0.6258845329284668, -0.2618323266506195, -0.41249391436576843, 0.09735673666000366, 0.7880569696426392, -0.8095307946205139, 0.09312419593334198, -0.3004315495491028], [0.006349292118102312, -1.5064573287963867, -0.6244787573814392, 0.45298150181770325, 0.8111499547958374, 2.7766172885894775, 0.7635407447814941, -0.1793006956577301, -1.4212088584899902, -1.0433342456817627, -0.28631702065467834, 0.7835391759872437, 0.163275346159935, -0.8434913754463196, 0.748607337474823, 0.12187173962593079, -0.14871905744075775, 1.4705604314804077, 0.2003929764032364, -0.6935915946960449, 0.6000697612762451, -0.7548000812530518, 1.625244379043579, 1.7990846633911133, -1.0137035846710205, -0.957501232624054, 0.3511452376842499, 0.008653118275105953, 0.4098682999610901, 0.004642378073185682, 0.7981923222541809, 0.209122434258461, -0.4266216456890106, 0.7995164394378662, -0.12872813642024994, 0.39731618762016296, 0.4308389723300934, -1.036469578742981, -0.6168141961097717, 1.4660953283309937, 1.7866476774215698, -0.11946626007556915, 1.1029056310653687, -0.8436741828918457, -0.1808958798646927, -0.34904804825782776, 1.1513123512268066, -1.5639766454696655, 0.6463410258293152, -0.6666368842124939, 0.3232673704624176, 0.435734361410141, 0.9053076505661011, 0.37464389204978943, 1.1051528453826904, 0.09082819521427155, 0.6757411956787109, -0.4787420928478241, -0.8268257975578308, -0.06000432372093201, 0.6133750081062317, -0.2353256493806839, -1.514180064201355, 0.17022618651390076]],