{"input_shapes": [[2, 4, 8]], "input_data": [[-0.5107975602149963, 1.0282717943191528, -0.3531515896320343, 0.12299131602048874, -0.18155446648597717, -1.4972281455993652, 0.14210453629493713, -0.5242824554443359, -0.24873711168766022, -0.5252376198768616, 2.8922135829925537, -0.5947133898735046, 1.311833143234253, 0.3521793782711029, -1.315124273300171, -0.007992205210030079, 0.2478800266981125, 1.57270348072052, -1.6394644975662231, -1.5925322771072388, -0.15462511777877808, -1.0964387655258179, 1.3665976524353027, 0.6892819404602051, -0.39350491762161255, 0.6171001195907593, 0.7528402209281921, 0.602252185344696, 2.0175423622131348, -1.1686294078826904, -1.3241941928863525, 1.1267435550689697, -0.2255406230688095, 0.5217604041099548, -2.059774398803711, 0.1383378505706787, 0.4961748719215393, -0.6052795052528381, -0.8006939888000488, 0.15865179896354675, 0.7127705812454224, -0.743821918964386, 0.28007760643959045, 0.37349072098731995, 2.995054006576538, -0.2569432556629181, -0.6837973594665527, 1.062118649482727, -0.020517835393548012, -0.6305075883865356, 0.5485078692436218, -1.588505506515503, 0.528063952922821, 0.8963978290557861, 0.9974784255027771, -0.2155720591545105, 1.3265953063964844, -0.1086408719420433, -1.0265040397644043, 0.04357714578509331, -0.9723858833312988, 0.2802908420562744, 0.5699852705001831, 1.4841164350509644]], "output_data": [[-0.5107975602149963, 1.0282717943191528, -0.3531515896320343, 0.12299131602048874, -0.24873711168766022, -0.5252376198768616, 2.8922135829925537, -0.5947133898735046, 0.2478800266981125, 1.57270348072052, -1.6394644975662231, -1.5925322771072388, -0.39350491762161255, 0.6171001195907593, 0.7528402209281921, 0.602252185344696, -0.24873711168766022, -0.5252376198768616, 2.8922135829925537, -0.5947133898735046, 1.311833143234253, 0.3521793782711029, -1.315124273300171, -0.007992205210030079, 0.2478800266981125, 1.57270348072052, -1.6394644975662231, -1.5925322771072388, -0.15462511777877808, -1.0964387655258179, 1.3665976524353027, 0.6892819404602051, -0.39350491762161255, 0.6171001195907593, 0.7528402209281921, 0.602252185344696, 2.0175423622131348, -1.1686294078826904, -1.3241941928863525, 1.1267435550689697, -0.3531515896320343, 0.12299131602048874, -0.18155446648597717, -1.4972281455993652, 2.8922135829925537, -0.5947133898735046, 1.311833143234253, 0.3521793782711029, -1.6394644975662231, -1.5925322771072388, -0.15462511777877808, -1.0964387655258179, -0.2255406230688095, 0.5217604041099548, -2.059774398803711, 0.1383378505706787, 0.7127705812454224, -0.743821918964386, 0.28007760643959045, 0.37349072098731995, -0.020517835393548012, -0.6305075883865356, 0.5485078692436218, -1.588505506515503, 1.3265953063964844, -0.1086408719420433, -1.0265040397644043, 0.04357714578509331, 0.7127705812454224, -0.743821918964386, 0.28007760643959045, 0.37349072098731995, 2.995054006576538, -0.2569432556629181, -0.6837973594665527, 1.062118649482727, -0.020517835393548012, -0.6305075883865356, 0.5485078692436218, -1.588505506515503, 0.528063952922821, 0.8963978290557861, 0.9974784255027771, -0.2155720591545105, 1.3265953063964844, -0.1086408719420433, -1.0265040397644043, 0.04357714578509331, -0.9723858833312988, 0.2802908420562744, 0.5699852705001831, 1.4841164350509644, -2.059774398803711, 0.1383378505706787, 0.4961748719215393, -0.6052795052528381, 0.28007760643959045, 0.37349072098731995, 2.995054006576538, -0.2569432556629181, 0.5485078692436218, -1.588505506515503, 0.528063952922821, 0.8963978290557861]]}