{"input_shapes": [[1, 16]], "input_data": [[0.08822692930698395, 0.09150039404630661, 0.03828637674450874, 0.0959305688738823, 0.0390448234975338, 0.060089536011219025, 0.025657249614596367, 0.07936413586139679, 0.09407714754343033, 0.013318592682480812, 0.09345980733633041, 0.05935796722769737, 0.08694044500589371, 0.05677152797579765, 0.07410940527915955, 0.042940448969602585]]}