{"input_shapes": [[1, 16]], "input_data": [[11, 1, 9, 5, 14, 28, 4, 16, 9, 0, 28, 4, 4, 6, 17, 6]], "output_data": [[0.14071118831634521, -0.10069522261619568, -0.014597258530557156, 0.09488403052091599, 0.01571439579129219, 0.08862296491861343, -0.2030269205570221, 0.020835069939494133, -0.03375008702278137, 0.04350040480494499, -0.13591624796390533, -0.05190381035208702, -0.01676751673221588, -0.03190777450799942, 0.007485457230359316, 0.10651581734418869, 0.0094157038256526, 0.11065856367349625, -0.14129853248596191, -0.08298105001449585, 0.004724751226603985, -0.10786078125238419, 0.09541383385658264, 0.07983531057834625, 0.030489280819892883, 0.07577338814735413, -0.03859924525022507, 0.055237457156181335, -0.05547118932008743, 0.03935893625020981, -0.10162225365638733, -0.06834876537322998, -0.13628309965133667, 0.02718517743051052, -0.01674378290772438, 0.014671485871076584, -0.0609247162938118, 0.003740875283256173, -0.020982008427381516, 0.09831774234771729, 0.12239791452884674, -0.024034731090068817, -0.04275922477245331, 0.17261937260627747, 0.035160087049007416, 0.06286748498678207, 0.008307111449539661, -0.033776894211769104, 0.06820490211248398, -0.037115056067705154, 0.021828249096870422, 0.01670869067311287, -0.044525694102048874, 0.11361004412174225, 0.16706694662570953, -0.060940250754356384, -0.023058723658323288, 0.12035729736089706, -0.16434603929519653, -0.009373662993311882, 0.11933855712413788, -0.015291361138224602, 0.08132749795913696, -0.012204919941723347, 0.21436944603919983, -0.009923861362040043, -0.011594078503549099, -0.0056842113845050335, 0.05936448276042938, 0.013010491617023945, 0.0619162917137146, 0.014247547835111618, 0.05819657817482948, -0.0349549874663353, 0.017607659101486206, 0.03169982135295868, 0.02008720673620701, 0.08043096959590912, 0.04212206229567528, -0.022663962095975876, -0.056781105697155, -0.030478311702609062, -0.0337388850748539, -0.023695826530456543, 0.06926414370536804, -0.02680782414972782, -0.045177970081567764, -0.015601368620991707, 0.03958367928862572, -0.052050311118364334, 0.12306565046310425, -0.14289593696594238, -0.10063080489635468, -0.08430284261703491, 0.05620433762669563, 0.09677641093730927, -0.06745556741952896, 0.015873998403549194, -0.005741217639297247, -0.03213619813323021, -0.061930444091558456, -0.028550293296575546, -0.0221568513661623, -0.041746918112039566, -0.033233415335416794, -0.09484672546386719, 0.07931406050920486, 0.010807947255671024, 0.14412802457809448, 0.14741310477256775, -0.0852893516421318, 0.009854207746684551, 0.12813331186771393, 0.012126612477004528, 0.07939903438091278, 0.0065723564475774765, -0.0746280774474144, -0.052403274923563004, -0.05287725478410721, -0.05493021756410599, -0.03364337235689163, 0.029635703191161156, 0.05401987209916115, -0.027301643043756485, 0.07440401613712311, -0.021468957886099815, -0.012327673844993114, 0.0503702349960804, 0.058565571904182434, -0.05425195023417473, 0.015404902398586273, 0.06077592447400093, 0.07274453341960907, 0.03537479415535927, 0.006381184794008732, -0.07342174649238586, -0.04478229209780693, -0.013617638498544693, 0.06597529351711273, -0.031222717836499214, -0.0945223718881607, 0.045678965747356415, -0.02999955229461193, 0.011401938274502754, 0.0028013556730002165, -0.03175732493400574, -0.02568376436829567, -0.13295814394950867, 0.08519453555345535, -0.04097576439380646, -0.06344234198331833, -0.027415547519922256, 0.011750034056603909, 0.009674755856394768, 0.10850637406110764, -0.01156030036509037, 0.05084212124347687, -0.0501868836581707, 0.011762456968426704, 0.18434838950634003, 0.12682907283306122, 0.09492405503988266, 0.07940666377544403, 0.11742286384105682, -0.11605162173509598, -0.14322397112846375, 0.03482643514871597, 0.0469249002635479, 0.13382305204868317, -0.006703478284180164, -0.006887363735586405, 0.0024617821909487247, -0.05770781636238098, -0.09375200420618057, -0.020483268424868584, -0.0727393627166748, -0.08435659110546112, 0.02002936415374279, 0.08518925309181213, -0.010078446008265018, -0.08789779245853424, -0.045593392103910446, -0.0982615128159523, 0.09039175510406494, 0.02347300760447979, -0.024621853604912758, -0.09689516574144363, -0.1209595799446106, -0.055693961679935455, 0.08934734016656876, 0.03405135124921799, 0.13118205964565277, 0.025685569271445274, -0.04770970717072487, 0.004677767399698496, -0.006142919883131981, 0.0014772104332223535, 0.07210288196802139, -0.13040530681610107, 0.047339294105768204, 0.021051475778222084, 0.06489827483892441, -0.10722220689058304, 0.008657548576593399, -0.06715909391641617, 0.030791668221354485, -0.006668803282082081, 0.12295900285243988, 0.021613983437418938, 0.045989908277988434, -0.1609344780445099, 0.09266427904367447, 0.06082293391227722, 0.046740416437387466, 0.11129825562238693, 0.029133467003703117, -0.031558141112327576, -0.050643742084503174, -0.09242095053195953, 0.15706031024456024, -0.0020164852030575275, 0.07119175046682358, -0.07771594822406769, -0.1383138746023178, -0.0037269187159836292, -0.12708665430545807, 0.004565570503473282, 0.031559791415929794, 0.02490358240902424, 0.10448125004768372, -0.050620246678590775, -0.09659262746572495, -0.0319598950445652, 0.24072220921516418, -0.034758299589157104, -0.017760183662176132, -0.14124538004398346, -0.02180580422282219, -0.01643281988799572, -0.07625045627355576, -0.07901981472969055, 0.07269023358821869, -0.10221939533948898, -0.05799008533358574, 0.10675845295190811, 0.033961907029151917, 0.07926057279109955, -0.12119823694229126, 0.09938180446624756, 0.019633693620562553, 0.08942296355962753, 0.11209194362163544, 0.035867899656295776, -0.04411963373422623, 0.01709807477891445, -0.0586373545229435, 0.20228366553783417, -0.010504720732569695, 0.021010970696806908, 0.00896474625915289, -0.04469909146428108, -0.005389177240431309, -0.0934312641620636, -0.03784431517124176, -0.01631658710539341, -0.06673263758420944, -0.0301071647554636, 0.05942654237151146, -0.01688486337661743, -0.05600880831480026, 0.09084861725568771, -0.023149607703089714, -0.007683691568672657, 0.027017012238502502, -0.05669550225138664, -0.07738085836172104, -0.06607919186353683, -0.053557734936475754, -0.0022942321375012398, 0.10097210854291916, 0.0058202799409627914, 0.05957973748445511, -0.03502046316862106, -0.14383135735988617, -0.1368580311536789, -0.015452857129275799, -0.038973331451416016, 0.10607617348432541, -0.06770589202642441, 0.01959628239274025, 0.02546088770031929, -0.0008821698138490319, -0.02788718231022358, 0.024632152169942856, -0.040617845952510834, 0.10731041431427002, 0.12383709102869034, 0.08361385762691498, -0.07647549360990524, -0.020398203283548355, -0.04594612866640091, 0.045251209288835526, -0.00932019017636776, -0.003649649675935507, 0.016020851209759712, -0.04420304298400879, -0.02791052870452404, 0.11025384068489075, -0.022594811394810677, 0.1278313547372818, 0.11516793072223663, 0.018696758896112442, -0.10448604077100754, -0.00771565455943346, -0.2196894884109497, 0.08892577141523361, 0.1440245658159256, 0.12125345319509506, -0.03870734944939613, -0.19459202885627747, 0.08064039796590805, 0.03531403839588165, -0.02159441076219082, 0.001944898278452456, 0.05631442368030548, 0.020924000069499016, -0.044155608862638474, 0.12679564952850342, 0.13900306820869446, -0.015966368839144707, 0.02604823373258114, -0.10186557471752167, -0.03063296340405941, -0.0622575506567955, 0.007239240687340498, -0.04431682452559471, -0.011248361319303513, 0.04367202892899513, 0.009819750674068928, -0.02473265491425991, -0.22323362529277802, 0.0747818872332573, 0.07306534796953201, 0.040222782641649246, 0.018785342574119568, 0.07719288766384125, -0.15501323342323303, 0.02263747528195381, -0.0004367380461189896, 0.04466515779495239, 0.0773225873708725, -0.18110018968582153, -0.02608216367661953, -0.0016345818294212222, -0.0207234937697649, -0.03014659322798252, -0.09731929749250412, 0.0033813926856964827, -0.10442465543746948, 0.06537267565727234, 0.03550395742058754, 