{"input_shapes": [[1, 4, 16]], "input_data": [[-1.2404396533966064, 0.7833840250968933, -0.279970645904541, 0.04976978898048401, 0.5326176881790161, 0.4051275849342346, -1.6029738187789917, -0.34259986877441406, -0.09001049399375916, 2.371811628341675, 1.1457593441009521, 0.21360483765602112, -0.12589457631111145, 0.31997576355934143, -1.0089261531829834, -1.7831807136535645, 0.3701094388961792, -0.8252180218696594, -1.1966278553009033, -0.18764445185661316, -1.2163246870040894, 0.19514977931976318, -0.27683180570602417, 0.5864666104316711, 0.10143440216779709, -1.3421896696090698, -1.1536258459091187, 1.3938905000686646, 2.2835586071014404, -0.7675639986991882, -0.0017832868034020066, -0.3317786157131195, -0.6109229326248169, 0.7331699132919312, 1.3759900331497192, 0.8827576041221619, -1.9804503917694092, 0.9335466623306274, 0.6463642120361328, 0.0654682144522667, -0.6038501262664795, -1.0681389570236206, 0.2581646740436554, -0.0036358735524117947, -0.4756048023700714, -0.10233136266469955, -1.2961515188217163, -0.446882963180542, 1.0073927640914917, 1.4442495107650757, -1.3555570840835571, 0.4006010591983795, -1.626334547996521, -2.3530383110046387, 0.5333751440048218, 0.593910276889801, -0.523831307888031, -0.3658127784729004, -0.5835596919059753, 0.43597179651260376, 0.2171221375465393, 0.05130874365568161, -0.7480785250663757, 0.15650033950805664]], "output_data": [[-1.6259592771530151, 1.1358548402786255, -0.144918292760849, -0.3605869710445404, 0.8591402769088745, 0.4782114326953888, -1.6857050657272339, 0.05111122131347656, 0.12435317784547806, 2.189216375350952, 1.0355398654937744, 0.11439248919487, -0.2800810635089874, 0.05351951718330383, -1.4106526374816895, -2.6299283504486084, 0.028040986508131027, -0.2137700915336609, -1.016479730606079, -0.5745608806610107, -1.0657607316970825, 0.410101056098938, -0.20432887971401215, 1.1019097566604614, 0.3253397047519684, -1.8043193817138672, -0.8665545582771301, 1.770291805267334, 2.265270233154297, -1.0872621536254883, 0.12005097419023514, -1.1608619689941406, -1.0623083114624023, 1.2712541818618774, 1.4203888177871704, 0.4938296675682068, -1.7609896659851074, 1.187461256980896, 0.6924493908882141, 0.6498063802719116, -0.2533263564109802, -1.467490553855896, 0.4014577865600586, 0.34682348370552063, -0.5030330419540405, -0.5588653683662415, -1.2597458362579346, -1.2417309284210205, 0.5396834015846252, 2.030338764190674, -1.2842376232147217, 0.10125091671943665, -1.4511350393295288, -2.13039231300354, 0.5122435688972473, 1.1683353185653687, -0.39415955543518066, -0.8194385766983032, -0.46453791856765747, 0.5812954902648926, 0.09933237731456757, -0.36289769411087036, -0.521041750907898, -0.6282382607460022]]}